id,title,status
1,delectus aut autem,pending
2,quis ut nam facilis et officia qui,pending
3,fugiat veniam minus,pending
4,et porro tempora,completed
5,laboriosam mollitia et enim quasi adipisci quia provident illum,pending
6,qui ullam ratione quibusdam voluptatem quia omnis,pending
7,illo expedita consequatur quia in,pending
8,quo adipisci enim quam ut ab,completed
9,molestiae perspiciatis ipsa,pending
10,illo est ratione doloremque quia maiores aut,completed
11,vero rerum temporibus dolor,completed
12,ipsa repellendus fugit nisi,completed
13,et doloremque nulla,completed
14,repellendus sunt dolores architecto voluptatum,completed
15,ab voluptatum amet voluptas,completed
16,accusamus eos facilis sint et aut voluptatem,completed
17,quo laboriosam deleniti aut qui,completed
18,dolorum est consequatur ea mollitia in culpa,pending
19,molestiae ipsa aut voluptatibus pariatur dolor nihil,completed
20,ullam nobis libero sapiente ad optio sint,completed
21,suscipit repellat esse quibusdam voluptatem incidunt,pending
22,distinctio vitae autem nihil ut molestias quo,completed
23,et itaque necessitatibus maxime molestiae qui quas velit,pending
24,adipisci non ad dicta qui amet quaerat doloribus ea,pending
25,voluptas quo tenetur perspiciatis explicabo natus,completed
26,aliquam aut quasi,completed
27,veritatis pariatur delectus,completed
28,nesciunt totam sit blanditiis sit,pending
29,laborum aut in quam,pending
30,nemo perspiciatis repellat ut dolor libero commodi blanditiis omnis,completed
31,repudiandae totam in est sint facere fuga,pending
32,earum doloribus ea doloremque quis,pending
33,sint sit aut vero,pending
34,porro aut necessitatibus eaque distinctio,pending
35,repellendus veritatis molestias dicta incidunt,completed
36,excepturi deleniti adipisci voluptatem et neque optio illum ad,completed
37,sunt cum tempora,pending
38,totam quia non,done
39,doloremque quibusdam asperiores libero corrupti illum qui omnis,pending
40,totam atque quo nesciunt,completed
41,aliquid amet impedit consequatur aspernatur placeat eaque fugiat suscipit,pending
42,rerum perferendis error quia ut eveniet,pending
43,tempore ut sint quis recusandae,completed
44,cum debitis quis accusamus doloremque ipsa natus sapiente omnis,completed
45,velit soluta adipisci molestias reiciendis harum,pending
46,vel voluptatem repellat nihil placeat corporis,pending
47,nam qui rerum fugiat accusamus,pending
48,sit reprehenderit omnis quia,pending
49,ut necessitatibus aut maiores debitis officia blanditiis velit et,pending
50,cupiditate necessitatibus ullam aut quis dolor voluptate,completed
51,distinctio exercitationem ab doloribus,pending
52,nesciunt dolorum quis recusandae ad pariatur ratione,pending
53,qui labore est occaecati recusandae aliquid quam,pending
54,quis et est ut voluptate quam dolor,completed
55,voluptatum omnis minima qui occaecati provident nulla voluptatem ratione,completed
56,deleniti ea temporibus enim,completed
57,pariatur et magnam ea doloribus similique voluptatem rerum quia,pending
58,est dicta totam qui explicabo doloribus qui dignissimos,pending
59,perspiciatis velit id laborum placeat iusto et aliquam odio,pending
60,et sequi qui architecto ut adipisci,completed
61,odit optio omnis qui sunt,completed
62,et placeat et tempore aspernatur sint numquam,pending
63,doloremque aut dolores quidem fuga qui nulla,completed
64,voluptas consequatur qui ut quia magnam nemo esse,pending
65,fugiat pariatur ratione ut asperiores necessitatibus magni,pending
66,rerum eum molestias autem voluptatum sit optio,pending
67,quia voluptatibus voluptatem quos similique maiores repellat,pending
68,aut id perspiciatis voluptatem iusto,pending
69,doloribus sint dolorum ab adipisci itaque dignissimos aliquam suscipit,pending
70,ut sequi accusantium et mollitia delectus sunt,pending
71,aut velit saepe ullam,pending
72,praesentium facilis facere quis harum voluptatibus voluptatem eum,pending
73,sint amet quia totam corporis qui exercitationem commodi,completed
74,expedita tempore nobis eveniet laborum maiores,pending
75,occaecati adipisci est possimus totam,pending
76,sequi dolorem sed,completed
77,maiores aut nesciunt delectus exercitationem vel assumenda eligendi at,pending
78,reiciendis est magnam amet nemo iste recusandae impedit quaerat,pending
79,eum ipsa maxime ut,completed
80,tempore molestias dolores rerum sequi voluptates ipsum consequatur,completed
81,suscipit qui totam,completed
82,voluptates eum voluptas et dicta,pending
83,quidem at rerum quis ex aut sit quam,completed
84,sunt veritatis ut voluptate,pending
85,et quia ad iste a,completed
86,incidunt ut saepe autem,completed
87,laudantium quae eligendi consequatur quia et vero autem,completed
88,vitae aut excepturi laboriosam sint aliquam et et accusantium,pending
89,sequi ut omnis et,completed
90,molestiae nisi accusantium tenetur dolorem et,completed
91,nulla quis consequatur saepe qui id expedita,completed
92,in omnis laboriosam,completed
93,odio iure consequatur molestiae quibusdam necessitatibus quia sint,completed
94,facilis modi saepe mollitia,pending
95,vel nihil et molestiae iusto assumenda nemo quo ut,completed
96,nobis suscipit ducimus enim asperiores voluptas,pending
97,dolorum laboriosam eos qui iure aliquam,pending
98,debitis accusantium ut quo facilis nihil quis sapiente necessitatibus,completed
99,neque voluptates ratione,pending
100,excepturi a et neque qui expedita vel voluptate,pending
101,explicabo enim cumque porro aperiam occaecati minima,pending
102,sed ab consequatur,pending
103,non sunt delectus illo nulla tenetur enim omnis,pending
104,excepturi non laudantium quo,pending
105,totam quia dolorem et illum repellat voluptas optio,completed
106,ad illo quis voluptatem temporibus,completed
107,praesentium facilis omnis laudantium fugit ad iusto nihil nesciunt,pending
108,a eos eaque nihil et exercitationem incidunt delectus,completed
109,autem temporibus harum quisquam in culpa,completed
110,aut aut ea corporis,completed
111,magni accusantium labore et id quis provident,pending
112,consectetur impedit quisquam qui deserunt non rerum consequuntur eius,pending
113,quia atque aliquam sunt impedit voluptatum rerum assumenda nisi,pending
114,cupiditate quos possimus corporis quisquam exercitationem beatae,pending
115,sed et ea eum,pending
116,ipsa dolores vel facilis ut,completed
117,sequi quae est et qui qui eveniet asperiores,pending
118,quia modi consequatur vero fugiat,pending
119,corporis ducimus ea perspiciatis iste,pending
120,dolorem laboriosam vel voluptas et aliquam quasi,pending
121,inventore aut nihil minima laudantium hic qui omnis,completed
122,provident aut nobis culpa,completed
123,esse et quis iste est earum aut impedit,pending
124,qui consectetur id,pending
125,aut quasi autem iste tempore illum possimus,pending
126,ut asperiores perspiciatis veniam ipsum rerum saepe,completed
127,voluptatem libero consectetur rerum ut,completed
128,eius omnis est qui voluptatem autem,pending
129,rerum culpa quis harum,pending
130,nulla aliquid eveniet harum laborum libero alias ut unde,completed
131,qui ea incidunt quis,pending
132,qui molestiae voluptatibus velit iure harum quisquam,completed
133,et labore eos enim rerum consequatur sunt,completed
134,molestiae doloribus et laborum quod ea,pending
135,facere ipsa nam eum voluptates reiciendis vero qui,pending
136,asperiores illo tempora fuga sed ut quasi adipisci,pending
137,qui sit non,pending
138,placeat minima consequatur rem qui ut,completed
139,consequatur doloribus id possimus voluptas a voluptatem,pending
140,aut consectetur in blanditiis deserunt quia sed laboriosam,completed
141,explicabo consectetur debitis voluptates quas quae culpa rerum non,completed
142,maiores accusantium architecto necessitatibus reiciendis ea aut,completed
143,eum non recusandae cupiditate animi,pending
144,ut eum exercitationem sint,pending
145,beatae qui ullam incidunt voluptatem non nisi aliquam,pending
146,molestiae suscipit ratione nihil odio libero impedit vero totam,completed
147,eum itaque quod reprehenderit et facilis dolor autem ut,completed
148,esse quas et quo quasi exercitationem,done
149,animi voluptas quod perferendis est,pending
150,eos amet tempore laudantium fugit a,pending
151,accusamus adipisci dicta qui quo ea explicabo sed vero,completed
152,odit eligendi recusandae doloremque cumque non,pending
153,ea aperiam consequatur qui repellat eos,pending
154,rerum non ex sapiente,done
155,voluptatem nobis consequatur et assumenda magnam,completed
156,nam quia quia nulla repellat assumenda quibusdam sit nobis,completed
157,dolorem veniam quisquam deserunt repellendus,completed
158,debitis vitae delectus et harum accusamus aut deleniti a,completed
159,debitis adipisci quibusdam aliquam sed dolore ea praesentium nobis,completed
160,et praesentium aliquam est,pending
161,ex hic consequuntur earum omnis alias ut occaecati culpa,completed
162,omnis laboriosam molestias animi sunt dolore,completed
163,natus corrupti maxime laudantium et voluptatem laboriosam odit,pending
164,reprehenderit quos aut aut consequatur est sed,pending
165,fugiat perferendis sed aut quidem,pending
166,quos quo possimus suscipit minima ut,pending
167,et quis minus quo a asperiores molestiae,pending
168,recusandae quia qui sunt libero,pending
169,ea odio perferendis officiis,completed
170,quisquam aliquam quia doloribus aut,pending
171,fugiat aut voluptatibus corrupti deleniti velit iste odio,completed
172,et provident amet rerum consectetur et voluptatum,pending
173,harum ad aperiam quis,pending
174,similique aut quo,pending
175,laudantium eius officia perferendis provident perspiciatis asperiores,completed
176,magni soluta corrupti ut maiores rem quidem,pending
177,et placeat temporibus voluptas est tempora quos quibusdam,pending
178,nesciunt itaque commodi tempore,completed
179,omnis consequuntur cupiditate impedit itaque ipsam quo,completed
180,debitis nisi et dolorem repellat et,completed
181,ut cupiditate sequi aliquam fuga maiores,pending
182,inventore saepe cumque et aut illum enim,completed
183,omnis nulla eum aliquam distinctio,completed
184,molestias modi perferendis perspiciatis,pending
185,voluptates dignissimos sed doloribus animi quaerat aut,pending
186,explicabo odio est et,pending
187,consequuntur animi possimus,pending
188,vel non beatae est,completed
189,culpa eius et voluptatem et,completed
190,accusamus sint iusto et voluptatem exercitationem,completed
191,temporibus atque distinctio omnis eius impedit tempore molestias pariatur,completed
192,ut quas possimus exercitationem sint voluptates,pending
193,rerum debitis voluptatem qui eveniet tempora distinctio a,completed
194,sed ut vero sit molestiae,pending
195,rerum ex veniam mollitia voluptatibus pariatur,completed
196,consequuntur aut ut fugit similique,completed
197,dignissimos quo nobis earum saepe,completed
198,quis eius est sint explicabo,completed
199,numquam repellendus a magnam,done
200,ipsam aperiam voluptates qui,pending
